<?xml version="1.0" encoding="UTF-8"?>

<project xmlns="http://maven.apache.org/DECORATION/1.0.0"
    xmlns:xsi="http://www.w3.org/2001/XMLSchema-instance"
    xsi:schemaLocation="http://maven.apache.org/DECORATION/1.0.0 http://maven.apache.org/xsd/decoration-1.0.0.xsd">
  
  <bannerLeft>
    <name>Checkstyle ${projectVersion}</name>
  </bannerLeft>
  <bannerRight>
    <alt>Checkstyle</alt>
    <href>http://checkstyle.sourceforge.net</href>
    <src>images/logo.png</src>
  </bannerRight>
  
  <poweredBy>
    <logo name="SourceForge"
          img="http://sflogo.sourceforge.net/sflogo.php?group_id=29721&amp;type=11"
          href="http://sourceforge.net/projects/checkstyle"
          />
  </poweredBy>
  
  <body>
    <menu name="About">
      <item name="Checkstyle" href="index.html"/>
      <item name="Release Notes" href="releasenotes.html"/>
    </menu>

    <menu name="Documentation">
      <item name="Configuration" href="config.html">
        <item name="Property Types" href="property_types.html"/>
      </item>

      <item name="Running" href="running.html">
        <item name="Ant Task" href="anttask.html"/>
        <item name="Command Line" href="cmdline.html"/>
      </item>

      <item name="Available Checks" href="availablechecks.html"/>
      <item name="Standard Checks" href="checks.html">
        <item name="Annotations"        href="config_annotation.html"/>
        <item name="Block Checks"       href="config_blocks.html"/>
        <item name="Class Design"       href="config_design.html"/>
        <item name="Coding"             href="config_coding.html"/>
        <item name="Duplicate Code"     href="config_duplicates.html"/>
        <item name="Headers"            href="config_header.html"/>
        <item name="Imports"            href="config_imports.html"/>
        <item name="Javadoc Comments"   href="config_javadoc.html"/>
        <item name="Metrics"            href="config_metrics.html"/>
        <item name="Miscellaneous"      href="config_misc.html"/>
        <item name="Modifiers"          href="config_modifier.html"/>
        <item name="Naming Conventions" href="config_naming.html"/>
        <item name="Regexp"             href="config_regexp.html"/>
        <item name="Size Violations"    href="config_sizes.html"/>
        <item name="Whitespace"         href="config_whitespace.html"/>
      </item>

      <item name="Extending Checkstyle" href="extending.html">
        <item name="Writing checks" href="writingchecks.html"/>
        <item name="Writing filters" href="writingfilters.html"/>
        <item name="Writing listeners" href="writinglisteners.html"/>
      </item>
    </menu>

    <menu name="Developers">
      <item name="Javadoc" href="apidocs/index.html"/>
      <item name="Project Page"
            href="http://sourceforge.net/projects/checkstyle"/>
      <item name="Contributing" href="contributing.html"/>
    </menu>

    <menu ref="reports"/>
  </body>
</project>