<?xml version="1.0" encoding="UTF-8"?>

<!DOCTYPE module PUBLIC
    "-//Puppy Crawl//DTD Check Configuration 1.1//EN"
    "http://www.puppycrawl.com/dtds/configuration_1_1.dtd">

<module name="Checker">
    <module name="TreeWalker">
        <module name="AvoidStarImport"/>
        <module name="MemberName">
            <property name="format" value="^m_[a-zA-Z0-9]*$"/>
        </module>
        <property name="testName" value="testValue" />
        <module name="ConstantName"/>
        <module name="EmptyBlock"/>
        <module name="EqualsHashCode"/>
        <module name="FileLength"/>
        <module name="NoWhitespaceAfter">
            <property name="tokens" value="DOT"/>
            <property name="allowLineBreaks" value="true"/>
        </module>
        <module name="GenericIllegalRegexp">
            <property name="format" value="System.out.println"/>
        </module>
    </module>
    <module name="JavadocPackage"/>
    <module name="Translation"/>
</module>
